"","Month","a.HCH","g.HCH","factor","dist","Year","loc_name","TC","CC","All_PCBs","HEPX","TN","Dieldrin","Endosulfan.I","b.HCH","pp.DDE","pp.DDT","Endosulfan.II","PCBs","PCB28","PCB52","PCB101","PCB118","PCB138","PCB153","PCB180","HCB","X7PCBs","HCHs","op.DDT","PCB18","Chlorpyrifos","PCB105","PCB31","¦²9PCBs","CN","Endosulfan.Sulfate","PCB5.8","PCB74","PCB87.115","PCB110","PCB149","PCB128.167","PCB170.190","X4PCBs","PCB8","PCB44","PCB66","pp.DDD","DDTs","PCB81","PCB77","PCB123","PCB114","PCB126","PCB167","PCB156","PCB157","PCB169","PCB189","Endosulfan.sulfate","t.HCH","op.DDE"
"1","7:7%(1)
8:93%(13)","D:86%(12)
V:14%(2)","D:100%(6)","6:100%(14)","  2.348092:7%(1)
 18.888547:7%(1)
 51.752290:7%(1)
 72.961009:7%(1)
106.280028:7%(1)
122.239274:7%(1)
133.114425:7%(1)
142.512389:7%(1)
163.355499:7%(1)
211.356509:7%(1)
259.630322:7%(1)
271.296958:7%(1)
583.972817:7%(1)
751.179368:7%(1)",1988,"Bering Sea",NA,NA,NA,NA,NA,NA,NA,NA,NA,NA,NA,NA,NA,NA,NA,NA,NA,NA,NA,NA,NA,NA,NA,NA,NA,NA,NA,NA,NA,NA,NA,NA,NA,NA,NA,NA,NA,NA,NA,NA,NA,NA,NA,NA,NA,NA,NA,NA,NA,NA,NA,NA,NA,NA,NA,NA
"2","   8.00000:20%(1)
8:80%(4)","D:75%(3)
V:25%(1)","D:100%(3)","6:100%(5)"," 69.339346:20%(1)
 74.111968:20%(1)
 77.089094:20%(1)
 97.387152:20%(1)
 97.655404:20%(1)",1988,"Chukchi Sea",NA,NA,NA,NA,NA,NA,NA,NA,NA,NA,NA,NA,NA,NA,NA,NA,NA,NA,NA,NA,NA,NA,NA,NA,NA,NA,NA,NA,NA,NA,NA,NA,NA,NA,NA,NA,NA,NA,NA,NA,NA,NA,NA,NA,NA,NA,NA,NA,NA,NA,NA,NA,NA,NA,NA,NA
"3","4 TO 5:100%(6)","B:100%(6)","B:100%(6)","13:100%(6)"," 656.5980:17%(1)
 930.3407:17%(1)
1526.8090:17%(1)
1790.4475:17%(1)
2083.0647:17%(1)
2869.8060:17%(1)",1991,"South Atlantic Ocean",NA,NA,NA,NA,NA,NA,NA,NA,NA,NA,NA,NA,NA,NA,NA,NA,NA,NA,NA,NA,NA,NA,NA,NA,NA,NA,NA,NA,NA,NA,NA,NA,NA,NA,NA,NA,NA,NA,NA,NA,NA,NA,NA,NA,NA,NA,NA,NA,NA,NA,NA,NA,NA,NA,NA,NA
"4","8:100%(2)","V:100%(2)","B:50%(1)
V:50%(1)","32:50%(1)
48:50%(1)","85.02596:50%(1)
85.16467:50%(1)",1992,"The North Western Passages","V:100%(1)","V:100%(1)",NA,NA,NA,NA,NA,NA,NA,NA,NA,NA,NA,NA,NA,NA,NA,NA,NA,NA,NA,NA,NA,NA,NA,NA,NA,NA,NA,NA,NA,NA,NA,NA,NA,NA,NA,NA,NA,NA,NA,NA,NA,NA,NA,NA,NA,NA,NA,NA,NA,NA,NA,NA,NA,NA
"5","8:100%(13)","V:100%(13)","D:69%(9)
V:31%(4)","7:93%(13)
9:7%(1)","  59.35553:7%(1)
  80.93496:7%(1)
  98.00546:7%(1)
 102.15434:7%(1)
 111.37053:7%(1)
 140.35632:7%(1)
 160.11524:7%(1)
 187.84578:7%(1)
 199.57558:7%(1)
 211.08334:7%(1)
 240.62222:7%(1)
 579.34735:7%(1)
 750.67559:7%(1)
 927.46533:7%(1)",1993,"Bering Sea","V:100%(1)","D:100%(1)","","B:100%(1)","D:100%(1)","B:100%(1)","B:100%(1)",NA,NA,NA,NA,NA,NA,NA,NA,NA,NA,NA,NA,NA,NA,NA,NA,NA,NA,NA,NA,NA,NA,NA,NA,NA,NA,NA,NA,NA,NA,NA,NA,NA,NA,NA,NA,NA,NA,NA,NA,NA,NA,NA,NA,NA,NA,NA,NA,NA
"6","8:14%(1)
9:86%(6)","V:100%(7)","D:57%(4)
V:43%(3)","7:100%(7)","  28.76202:14%(1)
  55.36746:14%(1)
  74.29257:14%(1)
  85.96284:14%(1)
 131.22868:14%(1)
 136.43078:14%(1)
 283.04045:14%(1)",1993,"Chukchi Sea","","","","","","","",NA,NA,NA,NA,NA,NA,NA,NA,NA,NA,NA,NA,NA,NA,NA,NA,NA,NA,NA,NA,NA,NA,NA,NA,NA,NA,NA,NA,NA,NA,NA,NA,NA,NA,NA,NA,NA,NA,NA,NA,NA,NA,NA,NA,NA,NA,NA,NA,NA
"7","9:100%(3)","V:100%(3)","D:67%(2)
V:33%(1)","7:100%(3)"," 119.47895:33%(1)
 155.21505:33%(1)
 230.17262:33%(1)",1993,"Arctic Ocean","","","","","","","",NA,NA,NA,NA,NA,NA,NA,NA,NA,NA,NA,NA,NA,NA,NA,NA,NA,NA,NA,NA,NA,NA,NA,NA,NA,NA,NA,NA,NA,NA,NA,NA,NA,NA,NA,NA,NA,NA,NA,NA,NA,NA,NA,NA,NA,NA,NA,NA,NA
"8","","","","8:100%(1)","1057.51978:100%(1)",1993,"Sargasso Sea","","","B:100%(1)","","","","",NA,NA,NA,NA,NA,NA,NA,NA,NA,NA,NA,NA,NA,NA,NA,NA,NA,NA,NA,NA,NA,NA,NA,NA,NA,NA,NA,NA,NA,NA,NA,NA,NA,NA,NA,NA,NA,NA,NA,NA,NA,NA,NA,NA,NA,NA,NA,NA,NA
"9",NA,NA,NA,"9:100%(1)","951.2579:100%(1)",1994,"Arctic Ocean","D:100%(1)","V:100%(1)",NA,"B:100%(1)","B:100%(1)","B:100%(1)","B:100%(1)",NA,NA,NA,NA,NA,NA,NA,NA,NA,NA,NA,NA,NA,NA,NA,NA,NA,NA,NA,NA,NA,NA,NA,NA,NA,NA,NA,NA,NA,NA,NA,NA,NA,NA,NA,NA,NA,NA,NA,NA,NA,NA,NA,NA,NA,NA,NA,NA,NA
"10","all year:100%(1)","V:100%(1)","V:100%(1)","39:100%(1)","1.491881:100%(1)",1996,"Arabian Sea",NA,NA,NA,NA,NA,NA,"V:100%(1)","V:100%(1)","V:100%(1)","V:100%(1)","V:100%(1)",NA,NA,NA,NA,NA,NA,NA,NA,NA,NA,NA,NA,NA,NA,NA,NA,NA,NA,NA,NA,NA,NA,NA,NA,NA,NA,NA,NA,NA,NA,NA,NA,NA,NA,NA,NA,NA,NA,NA,NA,NA,NA,NA,NA,NA
"11","10:12%(1)
11:12%(1)
12:12%(1)
5:12%(1)
6:12%(1)
7:12%(1)
8:12%(1)
9:12%(1)","",NA," 5:100%(8)","   2.50796:100%(8)",1997,"Chesapeake Bay",NA,NA,NA,NA,NA,NA,NA,NA,NA,NA,NA,"V:100%(8)",NA,NA,NA,NA,NA,NA,NA,NA,NA,NA,NA,NA,NA,NA,NA,NA,NA,NA,NA,NA,NA,NA,NA,NA,NA,NA,NA,NA,NA,NA,NA,NA,NA,NA,NA,NA,NA,NA,NA,NA,NA,NA,NA,NA
"12","12:100%(4)","B:100%(4)",NA,"41:100%(4)","1216.71559:25%(1)
1370.18830:25%(1)
1747.92934:25%(1)
2061.71744:25%(1)",1997,"South Atlantic Ocean",NA,NA,NA,NA,NA,NA,NA,NA,NA,NA,NA,"",NA,NA,NA,NA,NA,NA,NA,NA,NA,NA,NA,NA,NA,NA,NA,NA,NA,NA,NA,NA,NA,NA,NA,NA,NA,NA,NA,NA,NA,NA,NA,NA,NA,NA,NA,NA,NA,NA,NA,NA,NA,NA,NA,NA
"13","12:100%(1)","D:100%(1)",NA,"41:100%(1)"," 976.70880:100%(1)",1997,"SOUTHERN OCEAN",NA,NA,NA,NA,NA,NA,NA,NA,NA,NA,NA,"",NA,NA,NA,NA,NA,NA,NA,NA,NA,NA,NA,NA,NA,NA,NA,NA,NA,NA,NA,NA,NA,NA,NA,NA,NA,NA,NA,NA,NA,NA,NA,NA,NA,NA,NA,NA,NA,NA,NA,NA,NA,NA,NA,NA
"14","1:33%(1)
2:33%(1)
3:33%(1)","",""," 5:100%(3)"," 2.507960:100%(3)",1998,"Chesapeake Bay",NA,NA,NA,NA,NA,NA,NA,NA,NA,NA,NA,"V:100%(3)","","","","","","","",NA,NA,NA,NA,NA,NA,NA,NA,NA,NA,NA,NA,NA,NA,NA,NA,NA,NA,NA,NA,NA,NA,NA,NA,NA,NA,NA,NA,NA,NA,NA,NA,NA,NA,NA,NA,NA
"15","12:100%(1)","D:100%(1)","D:100%(1)","33:100%(1)"," 6.435069:100%(1)",1998,"North Sea",NA,NA,NA,NA,NA,NA,NA,NA,NA,NA,NA,"","V:100%(1)","V:100%(1)","V:100%(1)","V:100%(1)","V:100%(1)","V:100%(1)","D:100%(1)",NA,NA,NA,NA,NA,NA,NA,NA,NA,NA,NA,NA,NA,NA,NA,NA,NA,NA,NA,NA,NA,NA,NA,NA,NA,NA,NA,NA,NA,NA,NA,NA,NA,NA,NA,NA,NA
"16","7:100%(2)","","","45:100%(2)"," 7.168729:50%(1)
35.920036:50%(1)",1998,"North Atlantic Ocean",NA,NA,NA,NA,NA,NA,NA,NA,NA,NA,NA,"","V:100%(2)","V:100%(2)","V:100%(2)","","V:100%(2)","V:100%(2)","V:100%(2)",NA,NA,NA,NA,NA,NA,NA,NA,NA,NA,NA,NA,NA,NA,NA,NA,NA,NA,NA,NA,NA,NA,NA,NA,NA,NA,NA,NA,NA,NA,NA,NA,NA,NA,NA,NA,NA
"17","","",""," 9:100%(1)"," 0.000000:100%(1)",1999,"The North Western Passages","V:100%(1)","V:100%(1)",NA,NA,"D:100%(1)","V:100%(1)","B:100%(1)",NA,NA,NA,NA,NA,"","","","","","","",NA,NA,NA,NA,NA,NA,NA,NA,NA,NA,NA,NA,NA,NA,NA,NA,NA,NA,NA,NA,NA,NA,NA,NA,NA,NA,NA,NA,NA,NA,NA,NA,NA,NA,NA,NA,NA
"18","Feb to Jun:100%(1)","","","17:100%(1)","43.903754:100%(1)",1999,"Baltic Sea","","",NA,NA,"","","",NA,NA,NA,NA,NA,"V:100%(1)","","V:100%(1)","V:100%(1)","V:100%(1)","V:100%(1)","D:100%(1)",NA,NA,NA,NA,NA,NA,NA,NA,NA,NA,NA,NA,NA,NA,NA,NA,NA,NA,NA,NA,NA,NA,NA,NA,NA,NA,NA,NA,NA,NA,NA,NA,NA,NA,NA,NA,NA
"19","1:12%(1)
10:12%(1)
11:12%(1)
3:12%(1)
4:12%(1)
5:12%(1)
6:12%(1)
7:12%(1)","D:88%(7)
V:12%(1)","D:75%(6)
V:25%(2)","33:100%(8)"," 6.435069:100%(8)",1999,"North Sea","","",NA,NA,"","","",NA,NA,NA,NA,NA,"D:12%(1)
V:88%(7)","D:25%(2)
V:75%(6)","D:12%(1)
V:88%(7)","D:25%(2)
V:75%(6)","V:100%(8)","V:100%(8)","D:25%(2)
V:75%(6)",NA,NA,NA,NA,NA,NA,NA,NA,NA,NA,NA,NA,NA,NA,NA,NA,NA,NA,NA,NA,NA,NA,NA,NA,NA,NA,NA,NA,NA,NA,NA,NA,NA,NA,NA,NA,NA
"20","9:100%(1)",NA,NA,"25:100%(1)","0.0000000:100%(1)",2001,"Golfe du Lion",NA,NA,NA,NA,NA,NA,NA,NA,NA,NA,NA,NA,"V:100%(1)","V:100%(1)","V:100%(1)","V:100%(1)","V:100%(1)","V:100%(1)","V:100%(1)",NA,NA,NA,NA,NA,NA,NA,NA,NA,NA,NA,NA,NA,NA,NA,NA,NA,NA,NA,NA,NA,NA,NA,NA,NA,NA,NA,NA,NA,NA,NA,NA,NA,NA,NA,NA,NA
"21","9:100%(1)",NA,NA,"25:100%(1)","0.9766571:100%(1)",2001,"Balearic Sea",NA,NA,NA,NA,NA,NA,NA,NA,NA,NA,NA,NA,"V:100%(1)","V:100%(1)","V:100%(1)","V:100%(1)","V:100%(1)","V:100%(1)","V:100%(1)",NA,NA,NA,NA,NA,NA,NA,NA,NA,NA,NA,NA,NA,NA,NA,NA,NA,NA,NA,NA,NA,NA,NA,NA,NA,NA,NA,NA,NA,NA,NA,NA,NA,NA,NA,NA,NA
"22","7:100%(1)",NA,NA,"25:100%(1)","0.0000000:100%(1)",2002,"Golfe du Lion",NA,NA,NA,NA,NA,NA,NA,NA,NA,NA,NA,NA,"V:100%(1)","V:100%(1)","V:100%(1)","V:100%(1)","V:100%(1)","V:100%(1)","V:100%(1)",NA,NA,NA,NA,NA,NA,NA,NA,NA,NA,NA,NA,NA,NA,NA,NA,NA,NA,NA,NA,NA,NA,NA,NA,NA,NA,NA,NA,NA,NA,NA,NA,NA,NA,NA,NA,NA
"23","6:100%(1)",NA,NA,"25:100%(1)","0.9766571:100%(1)",2002,"Balearic Sea",NA,NA,NA,NA,NA,NA,NA,NA,NA,NA,NA,NA,"V:100%(1)","V:100%(1)","V:100%(1)","V:100%(1)","V:100%(1)","V:100%(1)","V:100%(1)",NA,NA,NA,NA,NA,NA,NA,NA,NA,NA,NA,NA,NA,NA,NA,NA,NA,NA,NA,NA,NA,NA,NA,NA,NA,NA,NA,NA,NA,NA,NA,NA,NA,NA,NA,NA,NA
"24","Summer:100%(1)","D:100%(1)","D:100%(1)","38:100%(1)","16.57916:100%(1)",2003,"ROSS SEA",NA,NA,NA,NA,NA,NA,NA,NA,NA,NA,NA,NA,NA,NA,NA,NA,NA,NA,NA,"B:100%(1)",NA,NA,NA,NA,NA,NA,NA,NA,NA,NA,NA,NA,NA,NA,NA,NA,NA,NA,NA,NA,NA,NA,NA,NA,NA,NA,NA,NA,NA,NA,NA,NA,NA,NA,NA,NA
"25","6 to 8:100%(1)",NA,NA,"12:100%(1)","343.463442:100%(1)",2004,"Norwegian Sea",NA,NA,NA,NA,NA,NA,NA,NA,NA,NA,NA,NA,NA,NA,NA,NA,NA,NA,NA,NA,"","",NA,NA,NA,NA,NA,NA,NA,NA,NA,NA,NA,NA,NA,NA,NA,NA,NA,NA,NA,NA,NA,NA,NA,NA,NA,NA,NA,NA,NA,NA,NA,NA,NA,NA
"26","6 to 8:100%(2)",NA,NA,"12:100%(2)","187.706755:50%(1)
409.479761:50%(1)",2004,"Greenland Sea",NA,NA,NA,NA,NA,NA,NA,NA,NA,NA,NA,NA,NA,NA,NA,NA,NA,NA,NA,NA,"","",NA,NA,NA,NA,NA,NA,NA,NA,NA,NA,NA,NA,NA,NA,NA,NA,NA,NA,NA,NA,NA,NA,NA,NA,NA,NA,NA,NA,NA,NA,NA,NA,NA,NA
"27","6TO7:100%(1)",NA,NA,"30:100%(1)","  1.465705:100%(1)",2004,"Strait of Singapore",NA,NA,NA,NA,NA,NA,NA,NA,NA,NA,NA,NA,NA,NA,NA,NA,NA,NA,NA,NA,"V:100%(1)","D:100%(1)",NA,NA,NA,NA,NA,NA,NA,NA,NA,NA,NA,NA,NA,NA,NA,NA,NA,NA,NA,NA,NA,NA,NA,NA,NA,NA,NA,NA,NA,NA,NA,NA,NA,NA
"28","10:71%(5)
11:29%(2)","","","23:100%(7)","   0.000000:14%(1)
 266.564696:14%(1)
 272.179747:14%(1)
 295.710067:14%(1)
 440.384793:14%(1)
 446.284795:14%(1)
 561.912549:14%(1)",2005,"North Atlantic Ocean","","",NA,"","",NA,"",NA,"","","",NA,"B:86%(6)
D:14%(1)","B:71%(5)
D:29%(2)","B:86%(6)
D:14%(1)","B:57%(4)
D:43%(3)","B:29%(2)
D:71%(5)","B:57%(4)
D:43%(3)","",NA,NA,NA,"","","","","","","","","","","","","","","",NA,NA,NA,NA,NA,NA,NA,NA,NA,NA,NA,NA,NA,NA,NA,NA,NA,NA,NA
"29","11:100%(7)","","","23:100%(7)"," 598.112934:14%(1)
 700.915513:14%(1)
 743.359007:14%(1)
 784.438126:14%(1)
 882.345089:14%(1)
1278.728810:14%(1)
1517.716728:14%(1)",2005,"South Atlantic Ocean","","",NA,"","",NA,"",NA,"","","",NA,"B:71%(5)
D:29%(2)","B:57%(4)
D:43%(3)","B:71%(5)
D:29%(2)","B:43%(3)
D:57%(4)","B:29%(2)
D:71%(5)","B:43%(3)
D:57%(4)","",NA,NA,NA,"","","","","","","","","","","","","","","",NA,NA,NA,NA,NA,NA,NA,NA,NA,NA,NA,NA,NA,NA,NA,NA,NA,NA,NA
"30","9:100%(9)","B:67%(6)
V:33%(3)","D:100%(9)","43:100%(9)","  69.419204:11%(1)
  89.567015:11%(1)
  92.762207:11%(1)
 148.363253:11%(1)
 164.289703:11%(1)
 179.272453:11%(1)
 262.109840:11%(1)
 271.742641:11%(1)
 351.388215:11%(1)",2005,"South China Sea","B:22%(2)
D:78%(7)","B:78%(7)
V:22%(2)",NA,"","",NA,"",NA,"V:100%(9)","B:78%(7)
V:22%(2)","",NA,"","","","","","","",NA,NA,NA,"B:78%(7)
V:22%(2)","","","","","","","","","","","","","","",NA,NA,NA,NA,NA,NA,NA,NA,NA,NA,NA,NA,NA,NA,NA,NA,NA,NA,NA
"31","2 TO 3:50%(1)
7:50%(1)","D:100%(2)","D:100%(2)","46:100%(2)","   0.000000:100%(2)",2005,"Black Sea","D:50%(1)
V:50%(1)","D:50%(1)
V:50%(1)",NA,"D:50%(1)
V:50%(1)","B:50%(1)
V:50%(1)",NA,"D:100%(2)",NA,"","D:50%(1)
V:50%(1)","D:100%(2)",NA,"D:50%(1)
V:50%(1)","D:50%(1)
V:50%(1)","D:50%(1)
V:50%(1)","D:50%(1)
V:50%(1)","V:100%(2)","B:50%(1)
V:50%(1)","V:100%(2)",NA,NA,NA,"","","D:50%(1)
V:50%(1)","D:100%(2)","D:50%(1)
V:50%(1)","D:50%(1)
V:50%(1)","B:50%(1)
V:50%(1)","D:100%(2)","","","","","","","",NA,NA,NA,NA,NA,NA,NA,NA,NA,NA,NA,NA,NA,NA,NA,NA,NA,NA,NA
"32","July to august:100%(1)","","","47:100%(1)","   2.604202:100%(1)",2005,"Adriatic Sea","","",NA,"","",NA,"",NA,"","","",NA,"V:100%(1)","V:100%(1)","V:100%(1)","V:100%(1)","V:100%(1)","V:100%(1)","V:100%(1)",NA,NA,NA,"","V:100%(1)","","","","","","","V:100%(1)","V:100%(1)","V:100%(1)","V:100%(1)","V:100%(1)","V:100%(1)","V:100%(1)",NA,NA,NA,NA,NA,NA,NA,NA,NA,NA,NA,NA,NA,NA,NA,NA,NA,NA,NA
"33","6:57%(4)
7:43%(3)","","","26:100%(7)"," 109.81146:14%(1)
 129.57427:14%(1)
 152.66128:14%(1)
 153.99746:14%(1)
 173.48523:14%(1)
 176.96057:14%(1)
 214.57348:14%(1)",2006,"Mediterranean Sea","","",NA,"",NA,NA,NA,"","","",NA,NA,"B:60%(3)
D:20%(1)
V:20%(1)","B:100%(4)","B:17%(1)
V:83%(5)","B:86%(6)
V:14%(1)","B:20%(1)
V:80%(4)","B:71%(5)
V:29%(2)","B:71%(5)
V:29%(2)","B:83%(5)
D:17%(1)",NA,NA,"",NA,NA,NA,NA,NA,NA,NA,NA,NA,NA,NA,NA,NA,NA,"B:100%(6)",NA,NA,NA,NA,NA,NA,NA,NA,NA,NA,NA,NA,NA,NA,NA,NA,NA,NA
"34","6:100%(1)","","","26:100%(1)"," 241.67283:100%(1)",2006,"Ionian Sea","","",NA,"",NA,NA,NA,"","","",NA,NA,"B:100%(1)","B:100%(1)","","B:100%(1)","V:100%(1)","B:100%(1)","B:100%(1)","D:100%(1)",NA,NA,"",NA,NA,NA,NA,NA,NA,NA,NA,NA,NA,NA,NA,NA,NA,"B:100%(1)",NA,NA,NA,NA,NA,NA,NA,NA,NA,NA,NA,NA,NA,NA,NA,NA,NA,NA
"35","6:100%(5)","","","26:100%(5)","  57.53063:20%(1)
  78.60796:20%(1)
  82.09248:20%(1)
  85.43942:40%(2)",2006,"Aegean Sea","","",NA,"",NA,NA,NA,"","","",NA,NA,"B:25%(1)
D:75%(3)","B:100%(4)","B:75%(3)
V:25%(1)","B:100%(5)","B:20%(1)
V:80%(4)","B:80%(4)
V:20%(1)","B:67%(2)
V:33%(1)","B:60%(3)
D:20%(1)
V:20%(1)",NA,NA,"",NA,NA,NA,NA,NA,NA,NA,NA,NA,NA,NA,NA,NA,NA,"B:100%(5)",NA,NA,NA,NA,NA,NA,NA,NA,NA,NA,NA,NA,NA,NA,NA,NA,NA,NA
"36","6:100%(4)","","","26:100%(4)","  32.05911:25%(1)
  79.20124:25%(1)
  81.38062:25%(1)
  81.40201:25%(1)",2006,"Black Sea","","",NA,"",NA,NA,NA,"","","",NA,NA,"B:50%(2)
D:50%(2)","B:100%(1)","B:33%(1)
V:67%(2)","B:100%(4)","V:100%(3)","B:100%(4)","B:100%(4)","B:25%(1)
D:50%(2)
V:25%(1)",NA,NA,"",NA,NA,NA,NA,NA,NA,NA,NA,NA,NA,NA,NA,NA,NA,"B:100%(4)",NA,NA,NA,NA,NA,NA,NA,NA,NA,NA,NA,NA,NA,NA,NA,NA,NA,NA
"37","  12.0:9%(1)
12:91%(10)","B:50%(2)
D:50%(2)","V:100%(4)","29:36%(4)
34:64%(7)","2110.22715:9%(1)
2822.05312:9%(1)
2899.00754:9%(1)
3367.84681:9%(1)
3436.86402:9%(1)
3886.13891:9%(1)
4002.33742:9%(1)
4728.39889:9%(1)
4929.86792:9%(1)
4998.54380:9%(1)
5058.78629:9%(1)",2006,"North Pacific Ocean","","",NA,"B:100%(4)",NA,NA,NA,"","","",NA,NA,"B:100%(2)","B:100%(1)","V:100%(3)","V:100%(2)","B:100%(1)","V:100%(2)","","",NA,NA,"",NA,NA,NA,NA,NA,NA,NA,NA,NA,NA,NA,NA,NA,NA,"",NA,NA,NA,NA,NA,NA,NA,NA,NA,NA,NA,NA,NA,NA,NA,NA,NA,NA
"38","  12.0:10%(2)
12:90%(18)","V:100%(1)","V:100%(2)","29:70%(14)
34:30%(6)","2143.03636:5%(1)
2219.24836:5%(1)
2319.22415:5%(1)
2354.60870:5%(1)
2539.29185:5%(1)
2597.35993:5%(1)
2859.73176:5%(1)
3145.98175:5%(1)
3300.96968:5%(1)
3467.38462:5%(1)
3533.64647:5%(1)
3979.37704:5%(1)
3980.18054:5%(1)
4023.63423:5%(1)
4211.50999:5%(1)
4469.12812:5%(1)
4493.93209:5%(1)
4548.70638:5%(1)
4713.59605:5%(1)
4810.26039:5%(1)",2006,"South Pacific Ocean","","",NA,"B:67%(2)
D:33%(1)",NA,NA,NA,"B:100%(3)","","",NA,NA,"B:60%(6)
V:40%(4)","B:38%(3)
V:62%(5)","V:100%(3)","V:100%(1)","V:100%(1)","","","",NA,NA,"",NA,NA,NA,NA,NA,NA,NA,NA,NA,NA,NA,NA,NA,NA,"",NA,NA,NA,NA,NA,NA,NA,NA,NA,NA,NA,NA,NA,NA,NA,NA,NA,NA
"39","","","","37:100%(3)"," 251.11294:33%(1)
 268.85840:33%(1)
 344.83207:33%(1)",2006,"North Atlantic Ocean","","",NA,"",NA,NA,NA,"","B:100%(2)","",NA,NA,"","","","","","","","B:100%(2)",NA,NA,"",NA,NA,NA,NA,NA,NA,NA,NA,NA,NA,NA,NA,NA,NA,"",NA,NA,NA,NA,NA,NA,NA,NA,NA,NA,NA,NA,NA,NA,NA,NA,NA,NA
"40","","","","37:100%(2)"," 821.59741:50%(1)
 837.43350:50%(1)",2006,"South Atlantic Ocean","","",NA,"",NA,NA,NA,"","B:100%(2)","",NA,NA,"","","","","","","","B:100%(2)",NA,NA,"",NA,NA,NA,NA,NA,NA,NA,NA,NA,NA,NA,NA,NA,NA,"",NA,NA,NA,NA,NA,NA,NA,NA,NA,NA,NA,NA,NA,NA,NA,NA,NA,NA
"41","9:100%(3)","V:100%(3)","B:67%(2)
D:33%(1)","50:100%(3)","  37.02907:33%(1)
 211.45519:33%(1)
 254.77761:33%(1)",2006,"Yellow Sea","V:100%(3)","V:100%(3)",NA,"",NA,NA,NA,"","V:100%(3)","V:100%(3)",NA,NA,"","","","","","","","",NA,NA,"B:33%(1)
D:67%(2)",NA,NA,NA,NA,NA,NA,NA,NA,NA,NA,NA,NA,NA,NA,"",NA,NA,NA,NA,NA,NA,NA,NA,NA,NA,NA,NA,NA,NA,NA,NA,NA,NA
"42","10:25%(1)
9:75%(3)","V:100%(4)","B:75%(3)
D:25%(1)","50:100%(4)","  66.53763:25%(1)
  67.39936:25%(1)
 164.30188:25%(1)
 184.39741:25%(1)",2006,"East China Sea","V:100%(4)","V:100%(4)",NA,"",NA,NA,NA,"","V:100%(4)","V:100%(4)",NA,NA,"","","","","","","","",NA,NA,"B:50%(2)
D:25%(1)
V:25%(1)",NA,NA,NA,NA,NA,NA,NA,NA,NA,NA,NA,NA,NA,NA,"",NA,NA,NA,NA,NA,NA,NA,NA,NA,NA,NA,NA,NA,NA,NA,NA,NA,NA
"43","10:75%(3)
9:25%(1)","V:100%(4)","B:50%(2)
V:50%(2)","50:100%(4)","  55.03985:25%(1)
  73.70040:25%(1)
 194.24501:25%(1)
 228.28821:25%(1)",2006,"South China Sea","V:100%(4)","V:100%(4)",NA,"",NA,NA,NA,"","V:100%(4)","V:100%(4)",NA,NA,"","","","","","","","",NA,NA,"B:50%(2)
V:50%(2)",NA,NA,NA,NA,NA,NA,NA,NA,NA,NA,NA,NA,NA,NA,"",NA,NA,NA,NA,NA,NA,NA,NA,NA,NA,NA,NA,NA,NA,NA,NA,NA,NA
"44","6:11%(2)
7:89%(16)","D:100%(9)","D:100%(9)"," 2:50%(9)
31:50%(9)","  28.167829:11%(2)
  30.162884:6%(1)
  30.704668:6%(1)
  53.525716:11%(2)
  78.895477:6%(1)
  79.432002:6%(1)
  91.240712:6%(1)
  91.612517:6%(1)
 120.434182:11%(2)
 204.353482:6%(1)
 204.817180:6%(1)
 253.887651:6%(1)
 254.201564:6%(1)
 353.267893:6%(1)
 353.389498:6%(1)",2007,"Greenland Sea","","",NA,"","","","","",NA,NA,NA,NA,"B:62%(5)
D:25%(2)
V:12%(1)","B:20%(1)
D:80%(4)","V:100%(4)","","B:25%(2)
D:50%(4)
V:25%(2)","D:62%(5)
V:38%(3)","D:100%(7)","B:100%(9)",NA,NA,NA,NA,NA,NA,NA,NA,NA,NA,NA,NA,NA,NA,NA,NA,NA,"",NA,NA,NA,NA,NA,NA,NA,NA,NA,NA,NA,NA,NA,NA,NA,NA,NA,NA
"45","","",""," 9:100%(1)","  32.612244:100%(1)",2007,"Labrador Sea","D:100%(1)","D:100%(1)",NA,"B:100%(1)","D:100%(1)","B:100%(1)","B:100%(1)","",NA,NA,NA,NA,"","","","","","","","",NA,NA,NA,NA,NA,NA,NA,NA,NA,NA,NA,NA,NA,NA,NA,NA,NA,"",NA,NA,NA,NA,NA,NA,NA,NA,NA,NA,NA,NA,NA,NA,NA,NA,NA,NA
"46","","",""," 9:100%(1)","   0.000000:100%(1)",2007,"Ungava Bay","D:100%(1)","V:100%(1)",NA,"D:100%(1)","V:100%(1)","D:100%(1)","B:100%(1)","",NA,NA,NA,NA,"","","","","","","","",NA,NA,NA,NA,NA,NA,NA,NA,NA,NA,NA,NA,NA,NA,NA,NA,NA,"",NA,NA,NA,NA,NA,NA,NA,NA,NA,NA,NA,NA,NA,NA,NA,NA,NA,NA
"47","12:100%(5)","B:33%(1)
D:67%(2)","D:100%(5)","22:100%(5)","  51.707873:20%(1)
  86.222982:20%(1)
 126.810474:20%(1)
 133.358378:20%(1)
 159.356859:20%(1)",2007,"ROSS SEA","","",NA,"","","","B:100%(1)","",NA,NA,NA,NA,"","","","","","","","",NA,NA,NA,NA,NA,NA,NA,NA,NA,NA,NA,NA,NA,NA,NA,NA,NA,"",NA,NA,NA,NA,NA,NA,NA,NA,NA,NA,NA,NA,NA,NA,NA,NA,NA,NA
"48","12:100%(4)","B:100%(3)","D:100%(3)","22:100%(4)"," 278.900311:25%(1)
 336.121666:25%(1)
 522.696348:25%(1)
 559.310247:25%(1)",2007,"SOUTHERN OCEAN","","",NA,"","","","","",NA,NA,NA,NA,"","","","","","","","",NA,NA,NA,NA,NA,NA,NA,NA,NA,NA,NA,NA,NA,NA,NA,NA,NA,"",NA,NA,NA,NA,NA,NA,NA,NA,NA,NA,NA,NA,NA,NA,NA,NA,NA,NA
"49","11:89%(8)
12:11%(1)","D:100%(4)","D:100%(5)","22:100%(9)","  83.237990:11%(1)
  83.778807:11%(1)
 117.744868:11%(1)
 119.485482:11%(1)
 145.907133:11%(1)
 149.769865:11%(1)
 181.576664:11%(1)
 335.361986:11%(1)
 416.924568:11%(1)",2007,"South Atlantic Ocean","","",NA,"","","","B:12%(1)
D:88%(7)","",NA,NA,NA,NA,"","","","","","","","",NA,NA,NA,NA,NA,NA,NA,NA,NA,NA,NA,NA,NA,NA,NA,NA,NA,"",NA,NA,NA,NA,NA,NA,NA,NA,NA,NA,NA,NA,NA,NA,NA,NA,NA,NA
"50","10:75%(3)
11:25%(1)","D:100%(4)","D:100%(4)","22:100%(4)"," 115.240835:25%(1)
 456.796593:25%(1)
 585.643288:25%(1)
1313.394902:25%(1)",2007,"North Atlantic Ocean","","",NA,"","","","D:100%(3)","",NA,NA,NA,NA,"","","","","","","","",NA,NA,NA,NA,NA,NA,NA,NA,NA,NA,NA,NA,NA,NA,NA,NA,NA,"",NA,NA,NA,NA,NA,NA,NA,NA,NA,NA,NA,NA,NA,NA,NA,NA,NA,NA
"51","10:100%(1)","D:100%(1)","D:100%(1)","22:100%(1)","   0.000000:100%(1)",2007,"English Channel","","",NA,"","","","D:100%(1)","",NA,NA,NA,NA,"","","","","","","","",NA,NA,NA,NA,NA,NA,NA,NA,NA,NA,NA,NA,NA,NA,NA,NA,NA,"",NA,NA,NA,NA,NA,NA,NA,NA,NA,NA,NA,NA,NA,NA,NA,NA,NA,NA
"52","5:100%(1)","","","26:100%(1)"," 155.981597:100%(1)",2007,"Balearic Sea","","",NA,"","","","","",NA,NA,NA,NA,"","","","","B:100%(1)","","","",NA,NA,NA,NA,NA,NA,NA,NA,NA,NA,NA,NA,NA,NA,NA,NA,NA,"",NA,NA,NA,NA,NA,NA,NA,NA,NA,NA,NA,NA,NA,NA,NA,NA,NA,NA
"53","5:83%(5)
6:17%(1)","","","26:100%(6)","   1.699426:17%(1)
  25.301295:17%(1)
  74.955500:17%(1)
 103.354500:17%(1)
 164.622189:17%(1)
 225.956955:17%(1)",2007,"Mediterranean Sea","","",NA,"","","","","",NA,NA,NA,NA,"","B:100%(1)","B:33%(2)
V:67%(4)","B:50%(2)
V:50%(2)","B:40%(2)
V:60%(3)","B:33%(2)
D:17%(1)
V:50%(3)","B:50%(2)
V:50%(2)","B:50%(1)
D:50%(1)",NA,NA,NA,NA,NA,NA,NA,NA,NA,NA,NA,NA,NA,NA,NA,NA,NA,"B:50%(3)
D:17%(1)
V:33%(2)",NA,NA,NA,NA,NA,NA,NA,NA,NA,NA,NA,NA,NA,NA,NA,NA,NA,NA
"54","   1.0:33%(3)
1:67%(6)","B:50%(1)
D:50%(1)","","29:56%(5)
34:44%(4)","4233.015420:11%(1)
4240.468273:11%(1)
4292.866624:11%(1)
4301.100220:11%(1)
4358.531193:11%(1)
4367.145434:11%(1)
4391.677459:11%(1)
4437.908893:11%(1)
4445.523372:11%(1)",2007,"South Pacific Ocean","","",NA,"","","","","B:100%(2)",NA,NA,NA,NA,"V:100%(1)","B:100%(2)","","","D:100%(1)","","","",NA,NA,NA,NA,NA,NA,NA,NA,NA,NA,NA,NA,NA,NA,NA,NA,NA,"",NA,NA,NA,NA,NA,NA,NA,NA,NA,NA,NA,NA,NA,NA,NA,NA,NA,NA
"55","   5.0:16%(4)
5:84%(21)","","","14:100%(25)","153.33938:4%(1)
215.84906:4%(1)
304.59939:4%(1)
306.67375:4%(1)
310.09818:8%(2)
312.93595:4%(1)
326.62952:4%(1)
331.33779:4%(1)
337.41962:4%(1)
341.29832:4%(1)
346.14764:4%(1)
346.89822:4%(1)
352.52821:4%(1)
354.98451:4%(1)
367.67278:8%(2)
386.57967:4%(1)
401.04772:4%(1)
407.14621:4%(1)
407.41123:4%(1)
413.41082:4%(1)
419.37171:4%(1)
440.85954:4%(1)
594.31440:4%(1)",2008,"North Atlantic Ocean",NA,NA,NA,NA,NA,NA,NA,NA,NA,NA,NA,NA,"B:77%(10)
D:23%(3)","B:75%(3)
D:25%(1)","B:100%(2)","D:100%(2)","D:100%(1)","B:75%(3)
D:25%(1)",NA,"",NA,NA,NA,"B:72%(13)
D:28%(5)",NA,NA,NA,NA,NA,NA,NA,NA,NA,NA,NA,NA,NA,NA,"B:53%(10)
D:42%(8)
V:5%(1)","B:25%(1)
D:75%(3)","B:100%(4)",NA,NA,NA,NA,NA,NA,NA,NA,NA,NA,NA,NA,NA,NA,NA
"56","1:31%(4)
2:69%(9)","D:100%(13)","D:100%(13)","42:100%(13)"," 19.60630:8%(1)
 23.57283:8%(1)
 79.48213:8%(1)
 91.83889:8%(1)
106.65263:8%(1)
111.65744:8%(1)
133.69674:8%(1)
135.48017:8%(1)
248.11093:8%(1)
279.48893:8%(1)
299.28284:8%(1)
354.89423:8%(1)
369.34398:8%(1)",2008,"SOUTHERN OCEAN",NA,NA,NA,NA,NA,NA,NA,NA,NA,NA,NA,NA,"","","","","","",NA,"B:15%(2)
D:85%(11)",NA,NA,NA,"",NA,NA,NA,NA,NA,NA,NA,NA,NA,NA,NA,NA,NA,NA,"","","",NA,NA,NA,NA,NA,NA,NA,NA,NA,NA,NA,NA,NA,NA,NA
"57","2:100%(3)","D:100%(3)","D:100%(3)","42:100%(3)","341.94274:33%(1)
480.52291:33%(1)
627.71977:33%(1)",2008,"South Atlantic Ocean",NA,NA,NA,NA,NA,NA,NA,NA,NA,NA,NA,NA,"","","","","","",NA,"B:100%(3)",NA,NA,NA,"",NA,NA,NA,NA,NA,NA,NA,NA,NA,NA,NA,NA,NA,NA,"","","",NA,NA,NA,NA,NA,NA,NA,NA,NA,NA,NA,NA,NA,NA,NA
"58","7:100%(21)","","","28:100%(21)"," 440.0806:5%(1)
 478.2749:5%(1)
 511.0763:5%(1)
 541.2679:5%(1)
 591.1966:5%(1)
 697.0956:5%(1)
 771.5483:5%(1)
 873.6286:5%(1)
1012.2834:5%(1)
1079.9009:5%(1)
1241.9785:5%(1)
1280.1730:5%(1)
1488.9678:5%(1)
1501.2205:5%(1)
1730.3677:5%(1)
1936.7167:5%(1)
1936.7469:5%(1)
1969.4946:5%(1)
1975.8695:5%(1)
2018.6340:5%(1)
2100.7357:5%(1)",2009,"South Atlantic Ocean",NA,NA,NA,NA,NA,NA,NA,NA,NA,NA,NA,NA,NA,"V:100%(19)","V:100%(19)",NA,"",NA,NA,"",NA,NA,NA,NA,NA,NA,NA,NA,NA,NA,NA,NA,NA,NA,NA,NA,NA,NA,NA,NA,NA,NA,NA,NA,NA,NA,NA,NA,NA,NA,NA,NA,NA,NA,NA,NA
"59","7:100%(21)","V:100%(2)","D:67%(2)
V:33%(1)","28:100%(21)"," 101.4278:10%(2)
 191.8185:5%(1)
 318.8452:5%(1)
 406.9324:5%(1)
 407.2185:5%(1)
 428.3187:5%(1)
 432.2914:5%(1)
 436.9360:5%(1)
 469.1575:5%(1)
 498.7568:5%(1)
 501.6674:5%(1)
 509.3336:5%(1)
 527.7672:5%(1)
 543.1981:5%(1)
 550.1646:5%(1)
 624.3821:5%(1)
 641.9457:5%(1)
 663.6777:5%(1)
 674.0600:5%(1)
 678.4690:5%(1)",2009,"North Atlantic Ocean",NA,NA,NA,NA,NA,NA,NA,NA,NA,NA,NA,NA,NA,"V:100%(20)","V:100%(20)",NA,"B:100%(1)",NA,NA,"V:100%(14)",NA,NA,NA,NA,NA,NA,NA,NA,NA,NA,NA,NA,NA,NA,NA,NA,NA,NA,NA,NA,NA,NA,NA,NA,NA,NA,NA,NA,NA,NA,NA,NA,NA,NA,NA,NA
"60","7:100%(4)","","","28:100%(4)"," 421.3452:25%(1)
 514.0231:25%(1)
 631.1363:25%(1)
 754.1558:25%(1)",2009,"Caribbean Sea",NA,NA,NA,NA,NA,NA,NA,NA,NA,NA,NA,NA,NA,"V:100%(4)","V:100%(4)",NA,"",NA,NA,"V:100%(4)",NA,NA,NA,NA,NA,NA,NA,NA,NA,NA,NA,NA,NA,NA,NA,NA,NA,NA,NA,NA,NA,NA,NA,NA,NA,NA,NA,NA,NA,NA,NA,NA,NA,NA,NA,NA
"61","7:100%(12)","","","28:100%(12)"," 610.9539:8%(1)
 620.8188:8%(1)
 638.8985:8%(1)
 697.9776:8%(1)
 711.3756:8%(1)
 769.4401:8%(1)
 827.7241:8%(1)
 829.7276:8%(1)
 869.9735:8%(1)
 938.8651:8%(1)
 969.7492:8%(1)
1052.6625:8%(1)",2009,"Sargasso Sea",NA,NA,NA,NA,NA,NA,NA,NA,NA,NA,NA,NA,NA,"V:100%(12)","V:100%(12)",NA,"",NA,NA,"V:100%(12)",NA,NA,NA,NA,NA,NA,NA,NA,NA,NA,NA,NA,NA,NA,NA,NA,NA,NA,NA,NA,NA,NA,NA,NA,NA,NA,NA,NA,NA,NA,NA,NA,NA,NA,NA,NA
"62","","",""," 9:100%(1)","  0.00000:100%(1)",2010,"The North Western Passages","B:100%(1)","B:100%(1)",NA,NA,"B:100%(1)","D:100%(1)","B:100%(1)","",NA,NA,NA,NA,NA,NA,NA,NA,NA,NA,NA,"",NA,NA,NA,NA,NA,NA,NA,NA,NA,NA,NA,NA,NA,NA,NA,NA,NA,NA,NA,NA,NA,NA,NA,NA,NA,NA,NA,NA,NA,NA,NA,NA,NA,NA,NA,NA
"63","7:100%(1)","B:100%(1)","V:100%(1)","16:100%(1)"," 47.09053:100%(1)",2010,"Korea Strait","V:100%(1)","V:100%(1)",NA,NA,"","","","B:100%(1)",NA,NA,NA,NA,NA,NA,NA,NA,NA,NA,NA,"B:100%(1)",NA,NA,NA,NA,NA,NA,NA,NA,NA,NA,NA,NA,NA,NA,NA,NA,NA,NA,NA,NA,NA,NA,NA,NA,NA,NA,NA,NA,NA,NA,NA,NA,NA,NA,NA,NA
"64","7:100%(2)","B:100%(2)","V:100%(2)","16:100%(2)"," 65.16556:50%(1)
405.21320:50%(1)",2010,"Bering Sea","V:100%(2)","V:100%(2)",NA,NA,"","","","B:50%(1)
D:50%(1)",NA,NA,NA,NA,NA,NA,NA,NA,NA,NA,NA,"B:50%(1)
D:50%(1)",NA,NA,NA,NA,NA,NA,NA,NA,NA,NA,NA,NA,NA,NA,NA,NA,NA,NA,NA,NA,NA,NA,NA,NA,NA,NA,NA,NA,NA,NA,NA,NA,NA,NA,NA,NA
"65","7:100%(1)","B:100%(1)","V:100%(1)","16:100%(1)","201.73438:100%(1)",2010,"Chukchi Sea","V:100%(1)","V:100%(1)",NA,NA,"","","","D:100%(1)",NA,NA,NA,NA,NA,NA,NA,NA,NA,NA,NA,"D:100%(1)",NA,NA,NA,NA,NA,NA,NA,NA,NA,NA,NA,NA,NA,NA,NA,NA,NA,NA,NA,NA,NA,NA,NA,NA,NA,NA,NA,NA,NA,NA,NA,NA,NA,NA,NA,NA
"66","7:100%(4)","B:100%(4)","V:100%(4)","16:100%(4)","206.90738:25%(1)
271.21188:25%(1)
307.83399:25%(1)
458.36572:25%(1)",2010,"Arctic Ocean","V:100%(4)","V:100%(4)",NA,NA,"","","","B:75%(3)
D:25%(1)",NA,NA,NA,NA,NA,NA,NA,NA,NA,NA,NA,"B:50%(2)
D:50%(2)",NA,NA,NA,NA,NA,NA,NA,NA,NA,NA,NA,NA,NA,NA,NA,NA,NA,NA,NA,NA,NA,NA,NA,NA,NA,NA,NA,NA,NA,NA,NA,NA,NA,NA,NA,NA
"67","7:100%(2)","B:100%(2)","V:100%(2)","16:100%(2)"," 66.73711:50%(1)
158.75259:50%(1)",2010,"Beaufort Sea","V:100%(2)","V:100%(2)",NA,NA,"","","","B:100%(2)",NA,NA,NA,NA,NA,NA,NA,NA,NA,NA,NA,"B:50%(1)
D:50%(1)",NA,NA,NA,NA,NA,NA,NA,NA,NA,NA,NA,NA,NA,NA,NA,NA,NA,NA,NA,NA,NA,NA,NA,NA,NA,NA,NA,NA,NA,NA,NA,NA,NA,NA,NA,NA
"68","9:100%(5)","B:60%(3)
D:20%(1)
V:20%(1)","B:20%(1)
V:80%(4)","16:100%(5)"," 58.80475:20%(1)
180.51315:20%(1)
228.97894:20%(1)
452.77218:20%(1)
457.63480:20%(1)",2010,"North Pacific Ocean","V:100%(5)","V:100%(5)",NA,NA,"","","","B:80%(4)
D:20%(1)",NA,NA,NA,NA,NA,NA,NA,NA,NA,NA,NA,"B:100%(5)",NA,NA,NA,NA,NA,NA,NA,NA,NA,NA,NA,NA,NA,NA,NA,NA,NA,NA,NA,NA,NA,NA,NA,NA,NA,NA,NA,NA,NA,NA,NA,NA,NA,NA,NA,NA
"69","9:100%(2)","B:50%(1)
D:50%(1)","V:100%(2)","16:100%(2)"," 83.31738:50%(1)
159.36944:50%(1)",2010,"Sea of Japan","V:100%(2)","V:100%(2)",NA,NA,"","","","B:50%(1)
D:50%(1)",NA,NA,NA,NA,NA,NA,NA,NA,NA,NA,NA,"B:100%(2)",NA,NA,NA,NA,NA,NA,NA,NA,NA,NA,NA,NA,NA,NA,NA,NA,NA,NA,NA,NA,NA,NA,NA,NA,NA,NA,NA,NA,NA,NA,NA,NA,NA,NA,NA,NA
"70","3:32%(10)
5:39%(12)
7:29%(9)","B:61%(19)
D:29%(9)
V:10%(3)","B:29%(9)
D:52%(16)
V:19%(6)","40:100%(31)"," 17.31071:3%(1)
 22.57810:3%(1)
 26.36384:3%(1)
 36.32977:3%(1)
 45.28581:3%(1)
 45.37722:3%(1)
 48.84276:3%(1)
 50.42248:3%(1)
 53.80058:3%(1)
 58.03649:3%(1)
 62.33061:3%(1)
 62.83985:3%(1)
 69.92876:3%(1)
 73.64508:3%(1)
 74.85208:3%(1)
 74.91392:3%(1)
 89.76222:3%(1)
 94.18153:3%(1)
103.00345:3%(1)
109.29266:3%(1)
116.77506:3%(1)
127.57695:3%(1)
128.87682:3%(1)
149.41681:3%(1)
151.05208:3%(1)
200.73779:3%(1)
203.18888:3%(1)
226.04783:3%(1)
230.43412:3%(1)
237.77307:3%(1)
270.22271:3%(1)",2010,"North Sea","","",NA,NA,"","","B:16%(5)
D:84%(26)","",NA,NA,NA,NA,NA,NA,NA,NA,NA,NA,NA,"B:58%(18)
D:42%(13)",NA,NA,NA,NA,NA,NA,NA,NA,NA,NA,NA,NA,NA,NA,NA,NA,NA,NA,NA,NA,NA,NA,NA,NA,NA,NA,NA,NA,NA,NA,NA,NA,NA,NA,NA,NA
"71","",NA,NA," 9:100%(1)","  0.00000:100%(1)",2011,"Hudson Bay","V:100%(1)","B:100%(1)",NA,NA,"B:100%(1)","D:100%(1)","B:100%(1)",NA,NA,NA,NA,NA,"","","","","","",NA,"",NA,NA,NA,NA,NA,NA,NA,NA,NA,NA,NA,NA,NA,NA,NA,NA,NA,NA,NA,NA,NA,NA,NA,NA,NA,NA,NA,NA,NA,NA,NA,NA,NA,NA,NA,NA
"72","4:100%(1)",NA,NA,"18:100%(1)"," 34.68826:100%(1)",2011,"Strait of Malacca","","",NA,NA,"","","",NA,NA,NA,NA,NA,"D:100%(1)","V:100%(1)","D:100%(1)","D:100%(1)","D:100%(1)","D:100%(1)",NA,"D:100%(1)",NA,NA,NA,NA,NA,NA,NA,NA,NA,NA,NA,NA,NA,NA,NA,NA,NA,NA,NA,NA,NA,NA,NA,NA,NA,NA,NA,NA,NA,NA,NA,NA,NA,NA,NA,NA
"73","4:78%(14)
5:22%(4)",NA,NA,"18:100%(18)"," 61.86515:6%(1)
140.78671:6%(1)
203.26923:6%(1)
306.62791:6%(1)
345.29244:6%(1)
415.64532:6%(1)
533.06803:6%(1)
561.32683:6%(1)
618.10691:6%(1)
646.53454:6%(1)
652.83818:6%(1)
662.09531:6%(1)
670.71019:6%(1)
687.46265:6%(1)
698.36018:6%(1)
827.39675:6%(1)
842.19564:6%(1)
976.00524:6%(1)",2011,"INDIAN OCEAN","","",NA,NA,"","","",NA,NA,NA,NA,NA,"D:100%(18)","D:56%(10)
V:44%(8)","D:100%(18)","D:89%(16)
V:11%(2)","D:100%(18)","D:50%(9)
V:50%(9)",NA,"D:100%(18)",NA,NA,NA,NA,NA,NA,NA,NA,NA,NA,NA,NA,NA,NA,NA,NA,NA,NA,NA,NA,NA,NA,NA,NA,NA,NA,NA,NA,NA,NA,NA,NA,NA,NA,NA,NA
"74","7:100%(2)","",""," 1:50%(1)
 4:50%(1)","218.385370:50%(1)
245.020776:50%(1)",2012,"Mediterranean Sea","","",NA,NA,NA,NA,NA,"","B:100%(2)","",NA,NA,"D:100%(2)","B:50%(1)
D:50%(1)","B:50%(1)
D:50%(1)","B:100%(1)","D:100%(1)","D:100%(1)","B:100%(1)","D:100%(1)",NA,NA,NA,NA,NA,NA,NA,NA,NA,NA,NA,NA,NA,NA,NA,NA,NA,NA,NA,NA,NA,"",NA,NA,NA,NA,NA,NA,NA,NA,NA,NA,NA,NA,NA,NA
"75","7:100%(1)","V:100%(1)","V:100%(1)"," 4:100%(1)","  4.466917:100%(1)",2012,"Aegean Sea","","",NA,NA,NA,NA,NA,"V:100%(1)","B:100%(1)","",NA,NA,"D:100%(1)","B:100%(1)","D:100%(1)","D:100%(1)","D:100%(1)","D:100%(1)","B:100%(1)","D:100%(1)",NA,NA,NA,NA,NA,NA,NA,NA,NA,NA,NA,NA,NA,NA,NA,NA,NA,NA,NA,NA,NA,"",NA,NA,NA,NA,NA,NA,NA,NA,NA,NA,NA,NA,NA,NA
"76","10:100%(9)","V:100%(9)","V:100%(9)","24:100%(9)","123.687219:100%(9)",2012,"Strait of Malacca","V:100%(9)","V:100%(9)",NA,NA,NA,NA,NA,"","V:100%(9)","V:100%(9)",NA,NA,"","","","","","","","",NA,NA,NA,NA,NA,NA,NA,NA,NA,NA,NA,NA,NA,NA,NA,NA,NA,NA,NA,NA,NA,"V:100%(9)",NA,NA,NA,NA,NA,NA,NA,NA,NA,NA,NA,NA,NA,NA
"77","11:100%(1)",NA,NA,"27:100%(1)","75.84762:100%(1)",2013,"East China Sea",NA,NA,NA,NA,NA,NA,NA,NA,NA,NA,NA,NA,NA,NA,NA,NA,NA,NA,NA,NA,NA,"V:100%(1)",NA,NA,NA,NA,NA,NA,NA,NA,NA,NA,NA,NA,NA,NA,NA,NA,NA,NA,NA,NA,"B:100%(1)",NA,NA,NA,NA,NA,NA,NA,NA,NA,NA,NA,NA,NA
"78","6:100%(7)","B:43%(3)
D:57%(4)","D:100%(7)","11:100%(7)","  50.32863:14%(1)
 174.87010:14%(1)
 194.88002:14%(1)
 265.15974:14%(1)
 286.03933:14%(1)
 297.67859:14%(1)
 299.09594:14%(1)",2014,"Norwegian Sea",NA,"B:14%(1)
D:86%(6)",NA,NA,NA,"",NA,NA,"D:100%(7)",NA,NA,NA,NA,NA,NA,NA,NA,NA,NA,"B:57%(4)
D:43%(3)",NA,"",NA,NA,"",NA,NA,NA,NA,NA,NA,NA,NA,NA,NA,NA,NA,NA,NA,NA,NA,NA,"",NA,NA,NA,NA,NA,NA,NA,NA,NA,NA,NA,NA,NA
"79","6:17%(2)
7:50%(6)
8:33%(4)","D:100%(12)","D:100%(12)","11:100%(12)","  53.88535:8%(1)
  69.78520:8%(1)
 118.40080:8%(1)
 123.53212:8%(1)
 131.69130:8%(1)
 143.28492:8%(1)
 155.55061:8%(1)
 170.98509:8%(1)
 172.56677:8%(1)
 201.43296:8%(1)
 438.33666:8%(1)
 442.96845:8%(1)",2014,"Greenland Sea",NA,"B:8%(1)
D:92%(11)",NA,NA,NA,"",NA,NA,"D:100%(12)",NA,NA,NA,NA,NA,NA,NA,NA,NA,NA,"B:92%(11)
D:8%(1)",NA,"",NA,NA,"",NA,NA,NA,NA,NA,NA,NA,NA,NA,NA,NA,NA,NA,NA,NA,NA,NA,"",NA,NA,NA,NA,NA,NA,NA,NA,NA,NA,NA,NA,NA
"80","7:33%(1)
8:67%(2)","D:100%(3)","D:100%(3)","11:100%(3)"," 251.80935:33%(1)
 289.45320:33%(1)
 369.23169:33%(1)",2014,"Arctic Ocean",NA,"B:33%(1)
D:67%(2)",NA,NA,NA,"",NA,NA,"D:100%(3)",NA,NA,NA,NA,NA,NA,NA,NA,NA,NA,"B:100%(3)",NA,"",NA,NA,"",NA,NA,NA,NA,NA,NA,NA,NA,NA,NA,NA,NA,NA,NA,NA,NA,NA,"",NA,NA,NA,NA,NA,NA,NA,NA,NA,NA,NA,NA,NA
"81","1:33%(1)
4:33%(1)
8:33%(1)","","","27:100%(3)","  75.84762:100%(3)",2014,"East China Sea",NA,"",NA,NA,NA,"",NA,NA,"",NA,NA,NA,NA,NA,NA,NA,NA,NA,NA,"",NA,"B:67%(2)
D:33%(1)",NA,NA,"",NA,NA,NA,NA,NA,NA,NA,NA,NA,NA,NA,NA,NA,NA,NA,NA,NA,"B:67%(2)
V:33%(1)",NA,NA,NA,NA,NA,NA,NA,NA,NA,NA,NA,NA,NA
"82","2:100%(6)","","D:100%(6)","35:100%(6)"," 746.06694:17%(1)
 906.90374:17%(1)
 949.08409:17%(1)
1129.60565:17%(1)
1197.54394:17%(1)
1631.11432:17%(1)",2014,"INDIAN OCEAN",NA,"",NA,NA,NA,"D:100%(6)",NA,NA,"",NA,NA,NA,NA,NA,NA,NA,NA,NA,NA,"",NA,"",NA,NA,"D:100%(4)",NA,NA,NA,NA,NA,NA,NA,NA,NA,NA,NA,NA,NA,NA,NA,NA,NA,"",NA,NA,NA,NA,NA,NA,NA,NA,NA,NA,NA,NA,NA
"83","2:100%(5)","","D:100%(4)","35:100%(5)"," 171.82022:20%(1)
 220.72022:20%(1)
 355.79116:20%(1)
 364.79019:20%(1)
 484.92330:20%(1)",2014,"SOUTHERN OCEAN",NA,"",NA,NA,NA,"D:100%(5)",NA,NA,"",NA,NA,NA,NA,NA,NA,NA,NA,NA,NA,"",NA,"",NA,NA,"D:100%(2)",NA,NA,NA,NA,NA,NA,NA,NA,NA,NA,NA,NA,NA,NA,NA,NA,NA,"",NA,NA,NA,NA,NA,NA,NA,NA,NA,NA,NA,NA,NA
"84","7:100%(1)","B:100%(1)","","10:100%(1)","   0.00000:100%(1)",2015,"Viscount Melville Sound","","",NA,NA,NA,NA,NA,NA,"B:100%(1)","",NA,NA,"","V:100%(1)","B:100%(1)","V:100%(1)","V:100%(1)","B:100%(1)","","B:100%(1)",NA,NA,"",NA,NA,"",NA,NA,NA,NA,NA,NA,NA,NA,NA,NA,NA,NA,NA,NA,NA,"V:100%(1)",NA,"","","","","","","","","","",NA,NA,NA
"85","3:29%(2)
4:43%(3)
5:29%(2)","D:100%(7)","D:100%(7)","21:100%(7)"," 109.72692:14%(1)
 158.13509:14%(1)
 202.55576:14%(1)
 203.36910:14%(1)
 245.42955:14%(1)
 281.34556:14%(1)
 294.51136:14%(1)",2015,"East China Sea","V:100%(7)","B:100%(7)",NA,NA,NA,NA,NA,NA,"V:100%(7)","V:100%(7)",NA,NA,"","","","","","","","",NA,NA,"D:100%(7)",NA,NA,"",NA,NA,NA,NA,NA,NA,NA,NA,NA,NA,NA,NA,NA,NA,NA,"D:14%(1)
V:86%(6)",NA,"","","","","","","","","","",NA,NA,NA
"86","4:100%(3)","D:100%(3)","D:100%(3)","21:100%(3)"," 672.22744:33%(1)
 743.66930:33%(1)
 783.11607:33%(1)",2015,"Philippine Sea","V:100%(3)","B:67%(2)
D:33%(1)",NA,NA,NA,NA,NA,NA,"V:100%(3)","V:100%(3)",NA,NA,"","","","","","","","",NA,NA,"D:100%(3)",NA,NA,"",NA,NA,NA,NA,NA,NA,NA,NA,NA,NA,NA,NA,NA,NA,NA,"D:67%(2)
V:33%(1)",NA,"","","","","","","","","","",NA,NA,NA
"87","4:100%(10)","D:100%(10)","D:100%(10)","21:100%(10)"," 427.32419:10%(1)
 460.22565:10%(1)
 549.80730:10%(1)
 561.22730:10%(1)
 590.78889:10%(1)
 662.82539:10%(1)
 773.61255:10%(1)
 847.84133:10%(1)
 854.09114:10%(1)
1032.47366:10%(1)",2015,"North Pacific Ocean","V:100%(10)","B:90%(9)
D:10%(1)",NA,NA,NA,NA,NA,NA,"V:100%(10)","V:100%(10)",NA,NA,"","","","","","","","",NA,NA,"D:100%(10)",NA,NA,"",NA,NA,NA,NA,NA,NA,NA,NA,NA,NA,NA,NA,NA,NA,NA,"V:100%(10)",NA,"","","","","","","","","","",NA,NA,NA
"88","05:31%(5)
06:62%(10)
07:6%(1)","","","44:100%(16)","   0.00000:25%(4)
  21.18725:6%(1)
 207.11377:6%(1)
 211.32262:6%(1)
 212.38586:6%(1)
 230.31513:6%(1)
 233.30802:6%(1)
 234.36269:6%(1)
 272.02775:6%(1)
 290.65758:6%(1)
 292.11021:6%(1)
 372.53419:6%(1)
 423.86330:6%(1)",2015,"South China Sea","","",NA,NA,NA,NA,NA,NA,"","",NA,NA,"","","","D:100%(16)","","","","",NA,NA,"",NA,NA,"D:100%(16)",NA,NA,NA,NA,NA,NA,NA,NA,NA,NA,NA,NA,NA,NA,NA,"",NA,"D:100%(16)","D:100%(16)","D:100%(16)","D:100%(16)","D:100%(16)","D:100%(16)","D:100%(16)","D:100%(16)","D:100%(16)","D:100%(16)",NA,NA,NA
"89","1:100%(2)","B:50%(1)
V:50%(1)","B:100%(2)","49:100%(2)","   0.00000:100%(2)",2015,"South Pacific Ocean","","",NA,NA,NA,NA,NA,NA,"","",NA,NA,"V:100%(2)","V:100%(2)","V:100%(2)","V:100%(2)","V:100%(2)","V:100%(2)","V:100%(2)","V:100%(2)",NA,NA,"",NA,NA,"",NA,NA,NA,NA,NA,NA,NA,NA,NA,NA,NA,NA,NA,NA,NA,"",NA,"","","","","","","","","","",NA,NA,NA
"90","8:100%(1)",NA,NA,"10:100%(1)","   0.00000:100%(1)",2016,"Viscount Melville Sound",NA,NA,NA,NA,NA,NA,NA,NA,NA,NA,"",NA,"V:100%(1)","V:100%(1)",NA,NA,NA,NA,NA,"V:100%(1)",NA,NA,NA,NA,"",NA,NA,NA,NA,NA,NA,NA,NA,NA,NA,NA,NA,NA,NA,NA,NA,NA,NA,NA,NA,NA,NA,NA,NA,NA,NA,NA,NA,"",NA,NA
"91","11:100%(3)",NA,NA,"36:100%(3)"," 106.10994:33%(1)
 122.56300:33%(1)
1370.14813:33%(1)",2016,"INDIAN OCEAN",NA,NA,NA,NA,NA,NA,NA,NA,NA,NA,"D:100%(3)",NA,"","",NA,NA,NA,NA,NA,"",NA,NA,NA,NA,"",NA,NA,NA,NA,NA,NA,NA,NA,NA,NA,NA,NA,NA,NA,NA,NA,NA,NA,NA,NA,NA,NA,NA,NA,NA,NA,NA,NA,"D:100%(2)",NA,NA
"92","11:25%(1)
12:75%(3)",NA,NA,"36:100%(4)","   0.00000:25%(1)
 407.47525:25%(1)
 823.61459:25%(1)
 911.96245:25%(1)",2016,"SOUTHERN OCEAN",NA,NA,NA,NA,NA,NA,NA,NA,NA,NA,"D:100%(2)",NA,"","",NA,NA,NA,NA,NA,"",NA,NA,NA,NA,"",NA,NA,NA,NA,NA,NA,NA,NA,NA,NA,NA,NA,NA,NA,NA,NA,NA,NA,NA,NA,NA,NA,NA,NA,NA,NA,NA,NA,"D:100%(3)",NA,NA
"93","12:50%(1)
8:50%(1)",NA,NA,"51:100%(2)","  74.31690:100%(2)",2016,"Yellow Sea",NA,NA,NA,NA,NA,NA,NA,NA,NA,NA,"",NA,"","",NA,NA,NA,NA,NA,"",NA,NA,NA,NA,"B:50%(1)
D:50%(1)",NA,NA,NA,NA,NA,NA,NA,NA,NA,NA,NA,NA,NA,NA,NA,NA,NA,NA,NA,NA,NA,NA,NA,NA,NA,NA,NA,NA,"",NA,NA
"94","12:53%(9)
8:47%(8)",NA,NA,"51:100%(17)","  29.90799:12%(2)
  35.10907:12%(2)
  50.47869:12%(2)
  54.17355:12%(2)
  62.82257:12%(2)
  65.92909:18%(3)
  66.99864:12%(2)
  76.27178:12%(2)",2016,"Bo Hai",NA,NA,NA,NA,NA,NA,NA,NA,NA,NA,"",NA,"","",NA,NA,NA,NA,NA,"",NA,NA,NA,NA,"B:35%(6)
D:65%(11)",NA,NA,NA,NA,NA,NA,NA,NA,NA,NA,NA,NA,NA,NA,NA,NA,NA,NA,NA,NA,NA,NA,NA,NA,NA,NA,NA,NA,"",NA,NA
"95","9:100%(3)","V:100%(2)","V:100%(2)","19:67%(2)
36:33%(1)","618.52259:33%(1)
641.77611:33%(1)
662.13681:33%(1)",2017,"Arctic Ocean",NA,NA,NA,NA,NA,NA,"","V:100%(2)","V:100%(2)","V:100%(2)","",NA,NA,NA,NA,NA,NA,NA,NA,NA,NA,NA,NA,NA,"",NA,NA,NA,NA,NA,NA,NA,NA,NA,NA,NA,NA,NA,NA,NA,NA,"V:100%(2)",NA,NA,NA,NA,NA,NA,NA,NA,NA,NA,NA,"D:100%(1)","V:100%(2)",NA
"96","9:100%(1)","V:100%(1)","V:100%(1)","19:100%(1)"," 27.56448:100%(1)",2017,"Bering Sea",NA,NA,NA,NA,NA,NA,"","V:100%(1)","V:100%(1)","V:100%(1)","",NA,NA,NA,NA,NA,NA,NA,NA,NA,NA,NA,NA,NA,"",NA,NA,NA,NA,NA,NA,NA,NA,NA,NA,NA,NA,NA,NA,NA,NA,"V:100%(1)",NA,NA,NA,NA,NA,NA,NA,NA,NA,NA,NA,"","V:100%(1)",NA
"97","1:100%(1)","","","36:100%(1)","441.16368:100%(1)",2017,"SOUTHERN OCEAN",NA,NA,NA,NA,NA,NA,"","","","","D:100%(1)",NA,NA,NA,NA,NA,NA,NA,NA,NA,NA,NA,NA,NA,"",NA,NA,NA,NA,NA,NA,NA,NA,NA,NA,NA,NA,NA,NA,NA,NA,"",NA,NA,NA,NA,NA,NA,NA,NA,NA,NA,NA,"D:100%(1)","",NA
"98","1:50%(1)
2:50%(1)","","","36:100%(2)"," 39.85450:50%(1)
288.59253:50%(1)",2017,"ROSS SEA",NA,NA,NA,NA,NA,NA,"","","","","D:100%(2)",NA,NA,NA,NA,NA,NA,NA,NA,NA,NA,NA,NA,NA,"",NA,NA,NA,NA,NA,NA,NA,NA,NA,NA,NA,NA,NA,NA,NA,NA,"",NA,NA,NA,NA,NA,NA,NA,NA,NA,NA,NA,"D:100%(1)","",NA
"99","3:100%(1)","","","36:100%(1)","642.53252:100%(1)",2017,"INDIAN OCEAN",NA,NA,NA,NA,NA,NA,"","","","","D:100%(1)",NA,NA,NA,NA,NA,NA,NA,NA,NA,NA,NA,NA,NA,"",NA,NA,NA,NA,NA,NA,NA,NA,NA,NA,NA,NA,NA,NA,NA,NA,"",NA,NA,NA,NA,NA,NA,NA,NA,NA,NA,NA,"","",NA
"100","4:100%(1)","","","36:100%(1)","293.72114:100%(1)",2017,"Celebes Sea",NA,NA,NA,NA,NA,NA,"","","","","D:100%(1)",NA,NA,NA,NA,NA,NA,NA,NA,NA,NA,NA,NA,NA,"",NA,NA,NA,NA,NA,NA,NA,NA,NA,NA,NA,NA,NA,NA,NA,NA,"",NA,NA,NA,NA,NA,NA,NA,NA,NA,NA,NA,"","",NA
"101","10:100%(1)","","","36:100%(1)","499.07843:100%(1)",2017,"North Pacific Ocean",NA,NA,NA,NA,NA,NA,"","","","","",NA,NA,NA,NA,NA,NA,NA,NA,NA,NA,NA,NA,NA,"",NA,NA,NA,NA,NA,NA,NA,NA,NA,NA,NA,NA,NA,NA,NA,NA,"",NA,NA,NA,NA,NA,NA,NA,NA,NA,NA,NA,"","",NA
"102","10:100%(1)","","","36:100%(1)","293.75877:100%(1)",2017,"Sea of Japan",NA,NA,NA,NA,NA,NA,"D:100%(1)","","","","D:100%(1)",NA,NA,NA,NA,NA,NA,NA,NA,NA,NA,NA,NA,NA,"",NA,NA,NA,NA,NA,NA,NA,NA,NA,NA,NA,NA,NA,NA,NA,NA,"",NA,NA,NA,NA,NA,NA,NA,NA,NA,NA,NA,"D:100%(1)","",NA
"103","2:100%(1)","","","51:100%(1)"," 74.31690:100%(1)",2017,"Yellow Sea",NA,NA,NA,NA,NA,NA,"","","","","",NA,NA,NA,NA,NA,NA,NA,NA,NA,NA,NA,NA,NA,"D:100%(1)",NA,NA,NA,NA,NA,NA,NA,NA,NA,NA,NA,NA,NA,NA,NA,NA,"",NA,NA,NA,NA,NA,NA,NA,NA,NA,NA,NA,"","",NA
"104","2:100%(3)","","","51:100%(3)"," 32.31146:33%(1)
 52.00860:33%(1)
 54.17355:33%(1)",2017,"Bo Hai",NA,NA,NA,NA,NA,NA,"","","","","",NA,NA,NA,NA,NA,NA,NA,NA,NA,NA,NA,NA,NA,"B:33%(1)
D:67%(2)",NA,NA,NA,NA,NA,NA,NA,NA,NA,NA,NA,NA,NA,NA,NA,NA,"",NA,NA,NA,NA,NA,NA,NA,NA,NA,NA,NA,"","",NA
"105","11:100%(2)","B:100%(2)","B:100%(2)","20:100%(2)","1329.03764:50%(1)
1538.47125:50%(1)",2018,"Philippine Sea",NA,NA,NA,NA,NA,NA,NA,"D:100%(2)","V:100%(2)",NA,NA,NA,NA,NA,NA,NA,NA,NA,NA,"V:100%(2)",NA,NA,NA,NA,NA,NA,NA,NA,NA,NA,NA,NA,NA,NA,NA,NA,NA,NA,NA,NA,NA,NA,NA,NA,NA,NA,NA,NA,NA,NA,NA,NA,NA,NA,NA,"B:100%(2)"
"106","11:100%(3)","B:33%(1)
V:67%(2)","B:67%(2)
V:33%(1)","20:100%(3)"," 646.89100:33%(1)
1110.15597:33%(1)
1388.69504:33%(1)",2018,"North Pacific Ocean",NA,NA,NA,NA,NA,NA,NA,"B:33%(1)
D:33%(1)
V:33%(1)","V:100%(3)",NA,NA,NA,NA,NA,NA,NA,NA,NA,NA,"V:100%(3)",NA,NA,NA,NA,NA,NA,NA,NA,NA,NA,NA,NA,NA,NA,NA,NA,NA,NA,NA,NA,NA,NA,NA,NA,NA,NA,NA,NA,NA,NA,NA,NA,NA,NA,NA,"B:100%(3)"
"107","11:100%(1)","V:100%(1)","V:100%(1)","20:100%(1)","  90.46205:100%(1)",2018,"South Pacific Ocean",NA,NA,NA,NA,NA,NA,NA,"V:100%(1)","V:100%(1)",NA,NA,NA,NA,NA,NA,NA,NA,NA,NA,"V:100%(1)",NA,NA,NA,NA,NA,NA,NA,NA,NA,NA,NA,NA,NA,NA,NA,NA,NA,NA,NA,NA,NA,NA,NA,NA,NA,NA,NA,NA,NA,NA,NA,NA,NA,NA,NA,"B:100%(1)"
"108","11:100%(1)","B:100%(1)","B:100%(1)","20:100%(1)"," 380.77527:100%(1)",2018,"Solomon Sea",NA,NA,NA,NA,NA,NA,NA,"B:100%(1)","V:100%(1)",NA,NA,NA,NA,NA,NA,NA,NA,NA,NA,"V:100%(1)",NA,NA,NA,NA,NA,NA,NA,NA,NA,NA,NA,NA,NA,NA,NA,NA,NA,NA,NA,NA,NA,NA,NA,NA,NA,NA,NA,NA,NA,NA,NA,NA,NA,NA,NA,"B:100%(1)"
"109","11:100%(3)","B:100%(3)","B:100%(3)","20:100%(3)","  56.22648:33%(1)
 379.80818:33%(1)
 677.44810:33%(1)",2018,"Coral Sea",NA,NA,NA,NA,NA,NA,NA,"D:100%(3)","V:100%(3)",NA,NA,NA,NA,NA,NA,NA,NA,NA,NA,"V:100%(3)",NA,NA,NA,NA,NA,NA,NA,NA,NA,NA,NA,NA,NA,NA,NA,NA,NA,NA,NA,NA,NA,NA,NA,NA,NA,NA,NA,NA,NA,NA,NA,NA,NA,NA,NA,"B:67%(2)
D:33%(1)"
"110","11:100%(2)","D:100%(2)","D:100%(2)","20:100%(2)"," 124.06209:50%(1)
 200.89535:50%(1)",2018,"Tasman Sea",NA,NA,NA,NA,NA,NA,NA,"D:100%(2)","V:100%(2)",NA,NA,NA,NA,NA,NA,NA,NA,NA,NA,"V:100%(2)",NA,NA,NA,NA,NA,NA,NA,NA,NA,NA,NA,NA,NA,NA,NA,NA,NA,NA,NA,NA,NA,NA,NA,NA,NA,NA,NA,NA,NA,NA,NA,NA,NA,NA,NA,"D:100%(2)"
"111","11:75%(3)
12:25%(1)","D:100%(4)","D:100%(4)","20:100%(4)"," 291.76492:25%(1)
 757.40691:25%(1)
 948.34483:25%(1)
 997.33001:25%(1)",2018,"INDIAN OCEAN",NA,NA,NA,NA,NA,NA,NA,"D:100%(4)","D:100%(4)",NA,NA,NA,NA,NA,NA,NA,NA,NA,NA,"V:100%(4)",NA,NA,NA,NA,NA,NA,NA,NA,NA,NA,NA,NA,NA,NA,NA,NA,NA,NA,NA,NA,NA,NA,NA,NA,NA,NA,NA,NA,NA,NA,NA,NA,NA,NA,NA,"D:100%(4)"
"112","11:50%(6)
12:50%(6)","D:100%(12)","D:100%(12)","20:100%(12)"," 252.59013:8%(1)
 262.29911:8%(1)
 299.58704:8%(1)
 316.89561:8%(1)
 374.25648:8%(1)
 392.16238:8%(1)
 418.31261:8%(1)
 435.98174:8%(1)
 491.59195:8%(1)
 539.35572:8%(1)
 555.48383:8%(1)
 628.23981:8%(1)",2018,"SOUTHERN OCEAN",NA,NA,NA,NA,NA,NA,NA,"D:100%(12)","D:100%(12)",NA,NA,NA,NA,NA,NA,NA,NA,NA,NA,"V:100%(12)",NA,NA,NA,NA,NA,NA,NA,NA,NA,NA,NA,NA,NA,NA,NA,NA,NA,NA,NA,NA,NA,NA,NA,NA,NA,NA,NA,NA,NA,NA,NA,NA,NA,NA,NA,"D:100%(12)"
"113","1:100%(1)","D:100%(1)","D:100%(1)","20:100%(1)","1202.416630:100%(1)",2019,"South Pacific Ocean",NA,NA,NA,NA,NA,NA,NA,"D:100%(1)","D:100%(1)",NA,NA,NA,NA,NA,NA,NA,NA,NA,NA,"V:100%(1)",NA,NA,NA,NA,NA,NA,NA,NA,NA,NA,NA,NA,NA,NA,NA,NA,NA,NA,NA,NA,NA,NA,NA,NA,NA,NA,NA,NA,NA,NA,NA,NA,NA,NA,NA,"D:100%(1)"
"114","1:39%(7)
2:61%(11)","D:100%(18)","D:100%(18)","20:100%(18)","   8.842175:6%(1)
  19.955699:6%(1)
  79.835029:6%(1)
 132.565568:6%(1)
 148.388983:6%(1)
 158.654172:6%(1)
 160.128717:6%(1)
 278.956136:6%(1)
 307.107558:6%(1)
 328.945221:6%(1)
 419.564019:6%(1)
 541.944138:6%(1)
 568.450509:6%(1)
 577.985491:6%(1)
 656.613683:6%(1)
 862.264290:6%(1)
1009.093986:6%(1)
1029.451636:6%(1)",2019,"SOUTHERN OCEAN",NA,NA,NA,NA,NA,NA,NA,"D:100%(18)","B:11%(2)
D:89%(16)",NA,NA,NA,NA,NA,NA,NA,NA,NA,NA,"B:39%(7)
V:61%(11)",NA,NA,NA,NA,NA,NA,NA,NA,NA,NA,NA,NA,NA,NA,NA,NA,NA,NA,NA,NA,NA,NA,NA,NA,NA,NA,NA,NA,NA,NA,NA,NA,NA,NA,NA,"D:100%(18)"
"115","1:100%(3)","D:100%(3)","D:100%(3)","20:100%(3)"," 109.994181:33%(1)
 179.238917:33%(1)
 352.191443:33%(1)",2019,"ROSS SEA",NA,NA,NA,NA,NA,NA,NA,"D:100%(3)","D:100%(3)",NA,NA,NA,NA,NA,NA,NA,NA,NA,NA,"B:33%(1)
D:33%(1)
V:33%(1)",NA,NA,NA,NA,NA,NA,NA,NA,NA,NA,NA,NA,NA,NA,NA,NA,NA,NA,NA,NA,NA,NA,NA,NA,NA,NA,NA,NA,NA,NA,NA,NA,NA,NA,NA,"D:100%(3)"
"116","2:83%(10)
3:17%(2)","B:50%(6)
D:50%(6)","B:50%(6)
D:50%(6)","20:100%(12)","  44.135230:8%(1)
 615.063969:8%(1)
1001.611016:8%(1)
1547.055911:8%(1)
1565.708414:8%(1)
2038.008757:8%(1)
2170.162324:8%(1)
2387.118958:8%(1)
2618.307193:8%(1)
2999.424947:8%(1)
3042.265749:8%(1)
3177.998422:8%(1)",2019,"INDIAN OCEAN",NA,NA,NA,NA,NA,NA,NA,"D:100%(12)","B:67%(8)
D:33%(4)",NA,NA,NA,NA,NA,NA,NA,NA,NA,NA,"V:100%(12)",NA,NA,NA,NA,NA,NA,NA,NA,NA,NA,NA,NA,NA,NA,NA,NA,NA,NA,NA,NA,NA,NA,NA,NA,NA,NA,NA,NA,NA,NA,NA,NA,NA,NA,NA,"B:67%(8)
D:33%(4)"
"117","3:100%(1)","D:100%(1)","D:100%(1)","20:100%(1)"," 100.927345:100%(1)",2019,"Java Sea",NA,NA,NA,NA,NA,NA,NA,"D:100%(1)","B:100%(1)",NA,NA,NA,NA,NA,NA,NA,NA,NA,NA,"V:100%(1)",NA,NA,NA,NA,NA,NA,NA,NA,NA,NA,NA,NA,NA,NA,NA,NA,NA,NA,NA,NA,NA,NA,NA,NA,NA,NA,NA,NA,NA,NA,NA,NA,NA,NA,NA,"D:100%(1)"
"118","3:100%(5)","D:100%(5)","D:100%(5)","20:100%(5)"," 127.586720:20%(1)
 199.189176:20%(1)
 355.541760:20%(1)
 374.817435:20%(1)
 392.139388:20%(1)",2019,"South China Sea",NA,NA,NA,NA,NA,NA,NA,"D:100%(5)","B:100%(5)",NA,NA,NA,NA,NA,NA,NA,NA,NA,NA,"V:100%(5)",NA,NA,NA,NA,NA,NA,NA,NA,NA,NA,NA,NA,NA,NA,NA,NA,NA,NA,NA,NA,NA,NA,NA,NA,NA,NA,NA,NA,NA,NA,NA,NA,NA,NA,NA,"D:100%(5)"
